position,subunit,domain
1,S1,NTD
2,S1,NTD
3,S1,NTD
4,S1,NTD
5,S1,NTD
6,S1,NTD
7,S1,NTD
8,S1,NTD
9,S1,NTD
10,S1,NTD
11,S1,NTD
12,S1,NTD
13,S1,NTD
14,S1,NTD
15,S1,NTD
16,S1,NTD
17,S1,NTD
18,S1,NTD
19,S1,NTD
20,S1,NTD
21,S1,NTD
22,S1,NTD
23,S1,NTD
24,S1,NTD
25,S1,NTD
26,S1,NTD
27,S1,NTD
28,S1,NTD
29,S1,NTD
30,S1,NTD
31,S1,NTD
32,S1,NTD
33,S1,NTD
34,S1,NTD
35,S1,NTD
36,S1,NTD
37,S1,NTD
38,S1,NTD
39,S1,NTD
40,S1,NTD
41,S1,NTD
42,S1,NTD
43,S1,NTD
44,S1,NTD
45,S1,NTD
46,S1,NTD
47,S1,NTD
48,S1,NTD
49,S1,NTD
50,S1,NTD
51,S1,NTD
52,S1,NTD
53,S1,NTD
54,S1,NTD
55,S1,NTD
56,S1,NTD
57,S1,NTD
58,S1,NTD
59,S1,NTD
60,S1,NTD
61,S1,NTD
62,S1,NTD
63,S1,NTD
64,S1,NTD
65,S1,NTD
66,S1,NTD
67,S1,NTD
68,S1,NTD
69,S1,NTD
70,S1,NTD
71,S1,NTD
72,S1,NTD
73,S1,NTD
74,S1,NTD
75,S1,NTD
76,S1,NTD
77,S1,NTD
78,S1,NTD
79,S1,NTD
80,S1,NTD
81,S1,NTD
82,S1,NTD
83,S1,NTD
84,S1,NTD
85,S1,NTD
86,S1,NTD
87,S1,NTD
88,S1,NTD
89,S1,NTD
90,S1,NTD
91,S1,NTD
92,S1,NTD
93,S1,NTD
94,S1,NTD
95,S1,NTD
96,S1,NTD
97,S1,NTD
98,S1,NTD
99,S1,NTD
100,S1,NTD
101,S1,NTD
102,S1,NTD
103,S1,NTD
104,S1,NTD
105,S1,NTD
106,S1,NTD
107,S1,NTD
108,S1,NTD
109,S1,NTD
110,S1,NTD
111,S1,NTD
112,S1,NTD
113,S1,NTD
114,S1,NTD
115,S1,NTD
116,S1,NTD
117,S1,NTD
118,S1,NTD
119,S1,NTD
120,S1,NTD
121,S1,NTD
122,S1,NTD
123,S1,NTD
124,S1,NTD
125,S1,NTD
126,S1,NTD
127,S1,NTD
128,S1,NTD
129,S1,NTD
130,S1,NTD
131,S1,NTD
132,S1,NTD
133,S1,NTD
134,S1,NTD
135,S1,NTD
136,S1,NTD
137,S1,NTD
138,S1,NTD
139,S1,NTD
140,S1,NTD
141,S1,NTD
142,S1,NTD
143,S1,NTD
144,S1,NTD
145,S1,NTD
146,S1,NTD
147,S1,NTD
148,S1,NTD
149,S1,NTD
150,S1,NTD
151,S1,NTD
152,S1,NTD
153,S1,NTD
154,S1,NTD
155,S1,NTD
156,S1,NTD
157,S1,NTD
158,S1,NTD
159,S1,NTD
160,S1,NTD
161,S1,NTD
162,S1,NTD
163,S1,NTD
164,S1,NTD
165,S1,NTD
166,S1,NTD
167,S1,NTD
168,S1,NTD
169,S1,NTD
170,S1,NTD
171,S1,NTD
172,S1,NTD
173,S1,NTD
174,S1,NTD
175,S1,NTD
176,S1,NTD
177,S1,NTD
178,S1,NTD
179,S1,NTD
180,S1,NTD
181,S1,NTD
182,S1,NTD
183,S1,NTD
184,S1,NTD
185,S1,NTD
186,S1,NTD
187,S1,NTD
188,S1,NTD
189,S1,NTD
190,S1,NTD
191,S1,NTD
192,S1,NTD
193,S1,NTD
194,S1,NTD
195,S1,NTD
196,S1,NTD
197,S1,NTD
198,S1,NTD
199,S1,NTD
200,S1,NTD
201,S1,NTD
202,S1,NTD
203,S1,NTD
204,S1,NTD
205,S1,NTD
206,S1,NTD
207,S1,NTD
208,S1,NTD
209,S1,NTD
210,S1,NTD
211,S1,NTD
212,S1,NTD
213,S1,NTD
214,S1,NTD
215,S1,NTD
216,S1,NTD
217,S1,NTD
218,S1,NTD
219,S1,NTD
220,S1,NTD
221,S1,NTD
222,S1,NTD
223,S1,NTD
224,S1,NTD
225,S1,NTD
226,S1,NTD
227,S1,NTD
228,S1,NTD
229,S1,NTD
230,S1,NTD
231,S1,NTD
232,S1,NTD
233,S1,NTD
234,S1,NTD
235,S1,NTD
236,S1,NTD
237,S1,NTD
238,S1,NTD
239,S1,NTD
240,S1,NTD
241,S1,NTD
242,S1,NTD
243,S1,NTD
244,S1,NTD
245,S1,NTD
246,S1,NTD
247,S1,NTD
248,S1,NTD
249,S1,NTD
250,S1,NTD
251,S1,NTD
252,S1,NTD
253,S1,NTD
254,S1,NTD
255,S1,NTD
256,S1,NTD
257,S1,NTD
258,S1,NTD
259,S1,NTD
260,S1,NTD
261,S1,NTD
262,S1,NTD
263,S1,NTD
264,S1,NTD
265,S1,NTD
266,S1,NTD
267,S1,NTD
268,S1,NTD
269,S1,NTD
270,S1,NTD
271,S1,NTD
272,S1,NTD
273,S1,NTD
274,S1,NTD
275,S1,NTD
276,S1,NTD
277,S1,NTD
278,S1,NTD
279,S1,NTD
280,S1,NTD
281,S1,NTD
282,S1,NTD
283,S1,NTD
284,S1,NTD
285,S1,NTD
286,S1,NTD
287,S1,NTD
288,S1,NTD
289,S1,NTD
290,S1,NTD
291,S1,NTD
292,S1,NTD
293,S1,NTD
294,S1,NTD
295,S1,NTD
296,S1,NTD
297,S1,NTD
298,S1,NTD
299,S1,NTD
300,S1,NTD
301,S1,NTD
302,S1,NTD
303,S1,NTD
304,S1,NTD
305,S1,NTD
306,S1,No Domain
307,S1,No Domain
308,S1,No Domain
309,S1,No Domain
310,S1,No Domain
311,S1,No Domain
312,S1,No Domain
313,S1,No Domain
314,S1,No Domain
315,S1,No Domain
316,S1,No Domain
317,S1,No Domain
318,S1,No Domain
319,S1,RBD
320,S1,RBD
321,S1,RBD
322,S1,RBD
323,S1,RBD
324,S1,RBD
325,S1,RBD
326,S1,RBD
327,S1,RBD
328,S1,RBD
329,S1,RBD
330,S1,RBD
331,S1,RBD
332,S1,RBD
333,S1,RBD
334,S1,RBD
335,S1,RBD
336,S1,RBD
337,S1,RBD
338,S1,RBD
339,S1,RBD
340,S1,RBD
341,S1,RBD
342,S1,RBD
343,S1,RBD
344,S1,RBD
345,S1,RBD
346,S1,RBD
347,S1,RBD
348,S1,RBD
349,S1,RBD
350,S1,RBD
351,S1,RBD
352,S1,RBD
353,S1,RBD
354,S1,RBD
355,S1,RBD
356,S1,RBD
357,S1,RBD
358,S1,RBD
359,S1,RBD
360,S1,RBD
361,S1,RBD
362,S1,RBD
363,S1,RBD
364,S1,RBD
365,S1,RBD
366,S1,RBD
367,S1,RBD
368,S1,RBD
369,S1,RBD
370,S1,RBD
371,S1,RBD
372,S1,RBD
373,S1,RBD
374,S1,RBD
375,S1,RBD
376,S1,RBD
377,S1,RBD
378,S1,RBD
379,S1,RBD
380,S1,RBD
381,S1,RBD
382,S1,RBD
383,S1,RBD
384,S1,RBD
385,S1,RBD
386,S1,RBD
387,S1,RBD
388,S1,RBD
389,S1,RBD
390,S1,RBD
391,S1,RBD
392,S1,RBD
393,S1,RBD
394,S1,RBD
395,S1,RBD
396,S1,RBD
397,S1,RBD
398,S1,RBD
399,S1,RBD
400,S1,RBD
401,S1,RBD
402,S1,RBD
403,S1,RBD
404,S1,RBD
405,S1,RBD
406,S1,RBD
407,S1,RBD
408,S1,RBD
409,S1,RBD
410,S1,RBD
411,S1,RBD
412,S1,RBD
413,S1,RBD
414,S1,RBD
415,S1,RBD
416,S1,RBD
417,S1,RBD
418,S1,RBD
419,S1,RBD
420,S1,RBD
421,S1,RBD
422,S1,RBD
423,S1,RBD
424,S1,RBD
425,S1,RBD
426,S1,RBD
427,S1,RBD
428,S1,RBD
429,S1,RBD
430,S1,RBD
431,S1,RBD
432,S1,RBD
433,S1,RBD
434,S1,RBD
435,S1,RBD
436,S1,RBD
437,S1,RBD
438,S1,RBD
439,S1,RBD
440,S1,RBD
441,S1,RBD
442,S1,RBD
443,S1,RBD
444,S1,RBD
445,S1,RBD
446,S1,RBD
447,S1,RBD
448,S1,RBD
449,S1,RBD
450,S1,RBD
451,S1,RBD
452,S1,RBD
453,S1,RBD
454,S1,RBD
455,S1,RBD
456,S1,RBD
457,S1,RBD
458,S1,RBD
459,S1,RBD
460,S1,RBD
461,S1,RBD
462,S1,RBD
463,S1,RBD
464,S1,RBD
465,S1,RBD
466,S1,RBD
467,S1,RBD
468,S1,RBD
469,S1,RBD
470,S1,RBD
471,S1,RBD
472,S1,RBD
473,S1,RBD
474,S1,RBD
475,S1,RBD
476,S1,RBD
477,S1,RBD
478,S1,RBD
479,S1,RBD
480,S1,RBD
481,S1,RBD
482,S1,RBD
483,S1,RBD
484,S1,RBD
485,S1,RBD
486,S1,RBD
487,S1,RBD
488,S1,RBD
489,S1,RBD
490,S1,RBD
491,S1,RBD
492,S1,RBD
493,S1,RBD
494,S1,RBD
495,S1,RBD
496,S1,RBD
497,S1,RBD
498,S1,RBD
499,S1,RBD
500,S1,RBD
501,S1,RBD
502,S1,RBD
503,S1,RBD
504,S1,RBD
505,S1,RBD
506,S1,RBD
507,S1,RBD
508,S1,RBD
509,S1,RBD
510,S1,RBD
511,S1,RBD
512,S1,RBD
513,S1,RBD
514,S1,RBD
515,S1,RBD
516,S1,RBD
517,S1,RBD
518,S1,RBD
519,S1,RBD
520,S1,RBD
521,S1,RBD
522,S1,RBD
523,S1,RBD
524,S1,RBD
525,S1,RBD
526,S1,RBD
527,S1,RBD
528,S1,RBD
529,S1,RBD
530,S1,RBD
531,S1,RBD
532,S1,RBD
533,S1,RBD
534,S1,RBD
535,S1,RBD
536,S1,RBD
537,S1,RBD
538,S1,RBD
539,S1,RBD
540,S1,RBD
541,S1,RBD
542,S1,No Domain
543,S1,No Domain
544,S1,No Domain
545,S1,No Domain
546,S1,No Domain
547,S1,No Domain
548,S1,No Domain
549,S1,No Domain
550,S1,No Domain
551,S1,No Domain
552,S1,No Domain
553,S1,No Domain
554,S1,No Domain
555,S1,No Domain
556,S1,No Domain
557,S1,No Domain
558,S1,No Domain
559,S1,No Domain
560,S1,No Domain
561,S1,No Domain
562,S1,No Domain
563,S1,No Domain
564,S1,No Domain
565,S1,No Domain
566,S1,No Domain
567,S1,No Domain
568,S1,No Domain
569,S1,No Domain
570,S1,No Domain
571,S1,No Domain
572,S1,No Domain
573,S1,No Domain
574,S1,No Domain
575,S1,No Domain
576,S1,No Domain
577,S1,No Domain
578,S1,No Domain
579,S1,No Domain
580,S1,No Domain
581,S1,No Domain
582,S1,No Domain
583,S1,No Domain
584,S1,No Domain
585,S1,No Domain
586,S1,No Domain
587,S1,No Domain
588,S1,No Domain
589,S1,No Domain
590,S1,No Domain
591,S1,No Domain
592,S1,No Domain
593,S1,No Domain
594,S1,No Domain
595,S1,No Domain
596,S1,No Domain
597,S1,No Domain
598,S1,No Domain
599,S1,No Domain
600,S1,No Domain
601,S1,No Domain
602,S1,No Domain
603,S1,No Domain
604,S1,No Domain
605,S1,No Domain
606,S1,No Domain
607,S1,No Domain
608,S1,No Domain
609,S1,No Domain
610,S1,No Domain
611,S1,No Domain
612,S1,No Domain
613,S1,No Domain
614,S1,No Domain
615,S1,No Domain
616,S1,No Domain
617,S1,No Domain
618,S1,No Domain
619,S1,No Domain
620,S1,No Domain
621,S1,No Domain
622,S1,No Domain
623,S1,No Domain
624,S1,No Domain
625,S1,No Domain
626,S1,No Domain
627,S1,No Domain
628,S1,No Domain
629,S1,No Domain
630,S1,No Domain
631,S1,No Domain
632,S1,No Domain
633,S1,No Domain
634,S1,No Domain
635,S1,No Domain
636,S1,No Domain
637,S1,No Domain
638,S1,No Domain
639,S1,No Domain
640,S1,No Domain
641,S1,No Domain
642,S1,No Domain
643,S1,No Domain
644,S1,No Domain
645,S1,No Domain
646,S1,No Domain
647,S1,No Domain
648,S1,No Domain
649,S1,No Domain
650,S1,No Domain
651,S1,No Domain
652,S1,No Domain
653,S1,No Domain
654,S1,No Domain
655,S1,No Domain
656,S1,No Domain
657,S1,No Domain
658,S1,No Domain
659,S1,No Domain
660,S1,No Domain
661,S1,No Domain
662,S1,No Domain
663,S1,No Domain
664,S1,No Domain
665,S1,No Domain
666,S1,No Domain
667,S1,No Domain
668,S1,No Domain
669,S1,No Domain
670,S1,No Domain
671,S1,No Domain
672,S1,No Domain
673,S1,No Domain
674,S1,No Domain
675,S1,No Domain
676,S1,No Domain
677,S1,No Domain
678,S1,No Domain
679,S1,No Domain
680,S1,No Domain
681,S1,No Domain
682,S1,No Domain
683,S1,No Domain
684,S1,No Domain
685,S1,No Domain
686,S2,No Domain
687,S2,No Domain
688,S2,No Domain
689,S2,No Domain
690,S2,No Domain
691,S2,No Domain
692,S2,No Domain
693,S2,No Domain
694,S2,No Domain
695,S2,No Domain
696,S2,No Domain
697,S2,No Domain
698,S2,No Domain
699,S2,No Domain
700,S2,No Domain
701,S2,No Domain
702,S2,No Domain
703,S2,No Domain
704,S2,No Domain
705,S2,No Domain
706,S2,No Domain
707,S2,No Domain
708,S2,No Domain
709,S2,No Domain
710,S2,No Domain
711,S2,No Domain
712,S2,No Domain
713,S2,No Domain
714,S2,No Domain
715,S2,No Domain
716,S2,No Domain
717,S2,No Domain
718,S2,No Domain
719,S2,No Domain
720,S2,No Domain
721,S2,No Domain
722,S2,No Domain
723,S2,No Domain
724,S2,No Domain
725,S2,No Domain
726,S2,No Domain
727,S2,No Domain
728,S2,No Domain
729,S2,No Domain
730,S2,No Domain
731,S2,No Domain
732,S2,No Domain
733,S2,No Domain
734,S2,No Domain
735,S2,No Domain
736,S2,No Domain
737,S2,No Domain
738,S2,No Domain
739,S2,No Domain
740,S2,No Domain
741,S2,No Domain
742,S2,No Domain
743,S2,No Domain
744,S2,No Domain
745,S2,No Domain
746,S2,No Domain
747,S2,No Domain
748,S2,No Domain
749,S2,No Domain
750,S2,No Domain
751,S2,No Domain
752,S2,No Domain
753,S2,No Domain
754,S2,No Domain
755,S2,No Domain
756,S2,No Domain
757,S2,No Domain
758,S2,No Domain
759,S2,No Domain
760,S2,No Domain
761,S2,No Domain
762,S2,No Domain
763,S2,No Domain
764,S2,No Domain
765,S2,No Domain
766,S2,No Domain
767,S2,No Domain
768,S2,No Domain
769,S2,No Domain
770,S2,No Domain
771,S2,No Domain
772,S2,No Domain
773,S2,No Domain
774,S2,No Domain
775,S2,No Domain
776,S2,No Domain
777,S2,No Domain
778,S2,No Domain
779,S2,No Domain
780,S2,No Domain
781,S2,No Domain
782,S2,No Domain
783,S2,No Domain
784,S2,No Domain
785,S2,No Domain
786,S2,No Domain
787,S2,No Domain
788,S2,FP
789,S2,FP
790,S2,FP
791,S2,FP
792,S2,FP
793,S2,FP
794,S2,FP
795,S2,FP
796,S2,FP
797,S2,FP
798,S2,FP
799,S2,FP
800,S2,FP
801,S2,FP
802,S2,FP
803,S2,FP
804,S2,FP
805,S2,FP
806,S2,FP
807,S2,No Domain
808,S2,No Domain
809,S2,No Domain
810,S2,No Domain
811,S2,No Domain
812,S2,No Domain
813,S2,No Domain
814,S2,No Domain
815,S2,No Domain
816,S2,No Domain
817,S2,No Domain
818,S2,No Domain
819,S2,No Domain
820,S2,No Domain
821,S2,No Domain
822,S2,No Domain
823,S2,No Domain
824,S2,No Domain
825,S2,No Domain
826,S2,No Domain
827,S2,No Domain
828,S2,No Domain
829,S2,No Domain
830,S2,No Domain
831,S2,No Domain
832,S2,No Domain
833,S2,No Domain
834,S2,No Domain
835,S2,No Domain
836,S2,No Domain
837,S2,No Domain
838,S2,No Domain
839,S2,No Domain
840,S2,No Domain
841,S2,No Domain
842,S2,No Domain
843,S2,No Domain
844,S2,No Domain
845,S2,No Domain
846,S2,No Domain
847,S2,No Domain
848,S2,No Domain
849,S2,No Domain
850,S2,No Domain
851,S2,No Domain
852,S2,No Domain
853,S2,No Domain
854,S2,No Domain
855,S2,No Domain
856,S2,No Domain
857,S2,No Domain
858,S2,No Domain
859,S2,No Domain
860,S2,No Domain
861,S2,No Domain
862,S2,No Domain
863,S2,No Domain
864,S2,No Domain
865,S2,No Domain
866,S2,No Domain
867,S2,No Domain
868,S2,No Domain
869,S2,No Domain
870,S2,No Domain
871,S2,No Domain
872,S2,No Domain
873,S2,No Domain
874,S2,No Domain
875,S2,No Domain
876,S2,No Domain
877,S2,No Domain
878,S2,No Domain
879,S2,No Domain
880,S2,No Domain
881,S2,No Domain
882,S2,No Domain
883,S2,No Domain
884,S2,No Domain
885,S2,No Domain
886,S2,No Domain
887,S2,No Domain
888,S2,No Domain
889,S2,No Domain
890,S2,No Domain
891,S2,No Domain
892,S2,No Domain
893,S2,No Domain
894,S2,No Domain
895,S2,No Domain
896,S2,No Domain
897,S2,No Domain
898,S2,No Domain
899,S2,No Domain
900,S2,No Domain
901,S2,No Domain
902,S2,No Domain
903,S2,No Domain
904,S2,No Domain
905,S2,No Domain
906,S2,No Domain
907,S2,No Domain
908,S2,No Domain
909,S2,No Domain
910,S2,No Domain
911,S2,No Domain
912,S2,HR1
913,S2,HR1
914,S2,HR1
915,S2,HR1
916,S2,HR1
917,S2,HR1
918,S2,HR1
919,S2,HR1
920,S2,HR1
921,S2,HR1
922,S2,HR1
923,S2,HR1
924,S2,HR1
925,S2,HR1
926,S2,HR1
927,S2,HR1
928,S2,HR1
929,S2,HR1
930,S2,HR1
931,S2,HR1
932,S2,HR1
933,S2,HR1
934,S2,HR1
935,S2,HR1
936,S2,HR1
937,S2,HR1
938,S2,HR1
939,S2,HR1
940,S2,HR1
941,S2,HR1
942,S2,HR1
943,S2,HR1
944,S2,HR1
945,S2,HR1
946,S2,HR1
947,S2,HR1
948,S2,HR1
949,S2,HR1
950,S2,HR1
951,S2,HR1
952,S2,HR1
953,S2,HR1
954,S2,HR1
955,S2,HR1
956,S2,HR1
957,S2,HR1
958,S2,HR1
959,S2,HR1
960,S2,HR1
961,S2,HR1
962,S2,HR1
963,S2,HR1
964,S2,HR1
965,S2,HR1
966,S2,HR1
967,S2,HR1
968,S2,HR1
969,S2,HR1
970,S2,HR1
971,S2,HR1
972,S2,HR1
973,S2,HR1
974,S2,HR1
975,S2,HR1
976,S2,HR1
977,S2,HR1
978,S2,HR1
979,S2,HR1
980,S2,HR1
981,S2,HR1
982,S2,HR1
983,S2,HR1
984,S2,HR1
985,S2,No Domain
986,S2,No Domain
987,S2,No Domain
988,S2,No Domain
989,S2,No Domain
990,S2,No Domain
991,S2,No Domain
992,S2,No Domain
993,S2,No Domain
994,S2,No Domain
995,S2,No Domain
996,S2,No Domain
997,S2,No Domain
998,S2,No Domain
999,S2,No Domain
1000,S2,No Domain
1001,S2,No Domain
1002,S2,No Domain
1003,S2,No Domain
1004,S2,No Domain
1005,S2,No Domain
1006,S2,No Domain
1007,S2,No Domain
1008,S2,No Domain
1009,S2,No Domain
1010,S2,No Domain
1011,S2,No Domain
1012,S2,No Domain
1013,S2,No Domain
1014,S2,No Domain
1015,S2,No Domain
1016,S2,No Domain
1017,S2,No Domain
1018,S2,No Domain
1019,S2,No Domain
1020,S2,No Domain
1021,S2,No Domain
1022,S2,No Domain
1023,S2,No Domain
1024,S2,No Domain
1025,S2,No Domain
1026,S2,No Domain
1027,S2,No Domain
1028,S2,No Domain
1029,S2,No Domain
1030,S2,No Domain
1031,S2,No Domain
1032,S2,No Domain
1033,S2,No Domain
1034,S2,No Domain
1035,S2,No Domain
1036,S2,No Domain
1037,S2,No Domain
1038,S2,No Domain
1039,S2,No Domain
1040,S2,No Domain
1041,S2,No Domain
1042,S2,No Domain
1043,S2,No Domain
1044,S2,No Domain
1045,S2,No Domain
1046,S2,No Domain
1047,S2,No Domain
1048,S2,No Domain
1049,S2,No Domain
1050,S2,No Domain
1051,S2,No Domain
1052,S2,No Domain
1053,S2,No Domain
1054,S2,No Domain
1055,S2,No Domain
1056,S2,No Domain
1057,S2,No Domain
1058,S2,No Domain
1059,S2,No Domain
1060,S2,No Domain
1061,S2,No Domain
1062,S2,No Domain
1063,S2,No Domain
1064,S2,No Domain
1065,S2,No Domain
1066,S2,No Domain
1067,S2,No Domain
1068,S2,No Domain
1069,S2,No Domain
1070,S2,No Domain
1071,S2,No Domain
1072,S2,No Domain
1073,S2,No Domain
1074,S2,No Domain
1075,S2,No Domain
1076,S2,No Domain
1077,S2,No Domain
1078,S2,No Domain
1079,S2,No Domain
1080,S2,No Domain
1081,S2,No Domain
1082,S2,No Domain
1083,S2,No Domain
1084,S2,No Domain
1085,S2,No Domain
1086,S2,No Domain
1087,S2,No Domain
1088,S2,No Domain
1089,S2,No Domain
1090,S2,No Domain
1091,S2,No Domain
1092,S2,No Domain
1093,S2,No Domain
1094,S2,No Domain
1095,S2,No Domain
1096,S2,No Domain
1097,S2,No Domain
1098,S2,No Domain
1099,S2,No Domain
1100,S2,No Domain
1101,S2,No Domain
1102,S2,No Domain
1103,S2,No Domain
1104,S2,No Domain
1105,S2,No Domain
1106,S2,No Domain
1107,S2,No Domain
1108,S2,No Domain
1109,S2,No Domain
1110,S2,No Domain
1111,S2,No Domain
1112,S2,No Domain
1113,S2,No Domain
1114,S2,No Domain
1115,S2,No Domain
1116,S2,No Domain
1117,S2,No Domain
1118,S2,No Domain
1119,S2,No Domain
1120,S2,No Domain
1121,S2,No Domain
1122,S2,No Domain
1123,S2,No Domain
1124,S2,No Domain
1125,S2,No Domain
1126,S2,No Domain
1127,S2,No Domain
1128,S2,No Domain
1129,S2,No Domain
1130,S2,No Domain
1131,S2,No Domain
1132,S2,No Domain
1133,S2,No Domain
1134,S2,No Domain
1135,S2,No Domain
1136,S2,No Domain
1137,S2,No Domain
1138,S2,No Domain
1139,S2,No Domain
1140,S2,No Domain
1141,S2,No Domain
1142,S2,No Domain
1143,S2,No Domain
1144,S2,No Domain
1145,S2,No Domain
1146,S2,No Domain
1147,S2,No Domain
1148,S2,No Domain
1149,S2,No Domain
1150,S2,No Domain
1151,S2,No Domain
1152,S2,No Domain
1153,S2,No Domain
1154,S2,No Domain
1155,S2,No Domain
1156,S2,No Domain
1157,S2,No Domain
1158,S2,No Domain
1159,S2,No Domain
1160,S2,No Domain
1161,S2,No Domain
1162,S2,No Domain
1163,S2,HR2
1164,S2,HR2
1165,S2,HR2
1166,S2,HR2
1167,S2,HR2
1168,S2,HR2
1169,S2,HR2
1170,S2,HR2
1171,S2,HR2
1172,S2,HR2
1173,S2,HR2
1174,S2,HR2
1175,S2,HR2
1176,S2,HR2
1177,S2,HR2
1178,S2,HR2
1179,S2,HR2
1180,S2,HR2
1181,S2,HR2
1182,S2,HR2
1183,S2,HR2
1184,S2,HR2
1185,S2,HR2
1186,S2,HR2
1187,S2,HR2
1188,S2,HR2
1189,S2,HR2
1190,S2,HR2
1191,S2,HR2
1192,S2,HR2
1193,S2,HR2
1194,S2,HR2
1195,S2,HR2
1196,S2,HR2
1197,S2,HR2
1198,S2,HR2
1199,S2,HR2
1200,S2,HR2
1201,S2,HR2
1202,S2,HR2
1203,S2,HR2
1204,S2,HR2
1205,S2,HR2
1206,S2,HR2
1207,S2,HR2
1208,S2,HR2
1209,S2,HR2
1210,S2,HR2
1211,S2,HR2
1212,S2,HR2
1213,S2,HR2
1214,S2,TM
1215,S2,TM
1216,S2,TM
1217,S2,TM
1218,S2,TM
1219,S2,TM
1220,S2,TM
1221,S2,TM
1222,S2,TM
1223,S2,TM
1224,S2,TM
1225,S2,TM
1226,S2,TM
1227,S2,TM
1228,S2,TM
1229,S2,TM
1230,S2,TM
1231,S2,TM
1232,S2,TM
1233,S2,TM
1234,S2,TM
1235,S2,TM
1236,S2,TM
1237,S2,TM
1238,S2,CT
1239,S2,CT
1240,S2,CT
1241,S2,CT
1242,S2,CT
1243,S2,CT
1244,S2,CT
1245,S2,CT
1246,S2,CT
1247,S2,CT
1248,S2,CT
1249,S2,CT
1250,S2,CT
1251,S2,CT
1252,S2,CT
1253,S2,CT
1254,S2,CT
1255,S2,CT
1256,S2,CT
1257,S2,CT
1258,S2,CT
1259,S2,CT
1260,S2,CT
1261,S2,CT
1262,S2,CT
1263,S2,CT
1264,S2,CT
1265,S2,CT
1266,S2,CT
1267,S2,CT
1268,S2,CT
1269,S2,CT
1270,S2,CT
1271,S2,CT
1272,S2,CT
1273,S2,CT